{
    "version": "0.2.0",
    "configurations": [
        {
            "name": "PowerShell Launch Current File",
            "type": "PowerShell",
            "request": "launch",
            "script": "${file}",
            "cwd": "${workspaceFolder}"
        },
        {
            "name": "PowerShell BUILD",
            "type": "PowerShell",
            "request": "launch",
            "script": "${workspaceFolder}/build.ps1",
            "cwd": "${workspaceFolder}",
            "windows": { "args": [ "windows" ] },
            "osx": { "args": [ "osx" ] },
            "linux": { "args": [ "linux" ] },
        },
         {
            // Use IntelliSense to find out which attributes exist for C# debugging
            // Use hover for the description of the existing attributes
            // For further information visit https://github.com/dotnet/vscode-csharp/blob/main/debugger-launchjson.md
            "name": ".NET Core Launch (console)",
            "type": "coreclr",
            "request": "launch",
            "preLaunchTask": "build",
            // If you have changed target frameworks, make sure to update the program path.
            "program": "${workspaceFolder}/bin/Debug/netstandard2.0/foo.dll",
            "args": [],
            "cwd": "${workspaceFolder}",
            // For more information about the 'console' field, see https://aka.ms/VSCode-CS-LaunchJson-Console
            "console": "internalConsole",
            "stopAtEntry": false
        },
        {
            "name": ".NET Core Attach",
            "type": "coreclr",
            "request": "attach"
        }, 
        {
            "name": "PowerShell Launch Script",
            "type": "PowerShell",
            "request": "launch",
            "script": "dotnet restore ; dotnet build",
            "cwd": "${workspaceFolder}"
        }
    ]
  
}