{
  "$schema": "http://json.schemastore.org/template",
  "author": "Me",
  "classifications": [ "Common", "Console" ],
  "identity": "ExampleTemplate.AsyncProject",
  "name": "Example templates: async project",
  "shortName": "consoleasync",
  "sourceName":"ExampleTemplate.AsyncProject",
  "tags": {
    "language": "C#",
    "type": "project"
  },
   "symbols": {
    "Framework": {
      "type": "parameter",
      "description": "The target framework for the project.",
      "datatype": "choice",
      "enableQuotelessLiterals": true,
      "choices": [
        {
          "choice": "netcoreapp3.1",
          "description": "Target netcoreapp3.1"
        },
        {
          "choice": "netstandard2.1",
          "description": "Target netstandard2.1"
        },
        {
          "choice": "netstandard2.0",
          "description": "Target netstandard2.0"
        }
      ],
      "replaces": "netstandard2.0",
      "defaultValue": "netstandard2.0"
    }
}
}