{
  "$schema": "http://json.schemastore.org/template",
  "author": "Me",
  "classifications": [ "Common", "Console" ],
  "identity": "ExampleTemplate.AsyncProject",
  "name": "Example templates: async project",
  "shortName": "consoleasync",
  "sourceName":"ExampleTemplate.AsyncProject",
  "tags": {
    "language": "C#",
    "type": "project"
  },
  
   "symbols": {
    "TestProject": {
      "type": "parameter",
      "dataType": "bool",
      "defaultValue": "false"
    },
    "Framework": {
      "type": "parameter",
      "description": "The target framework for the project.",
      "datatype": "choice",
      "enableQuotelessLiterals": true,
      "choices": [
        {
          "choice": "netcoreapp3.1",
          "description": "Target netcoreapp3.1"
        },
        {
          "choice": "netstandard2.1",
          "description": "Target netstandard2.1"
        },
        {
          "choice": "netstandard2.0",
          "description": "Target netstandard2.0"
        }
      ],
      "replaces": "$Framework$",
      "defaultValue": "netstandard2.0"
    },
    "Platform": {
      "type": "parameter",
      "description": "The target platform for the project.",
      "datatype": "choice",
      "allowMultipleValues": true,
      "choices": [
        {
          "choice": "Windows",
          "description": "Windows Desktop"
        },
        {
          "choice": "MacOS",
          "description": "Macintosh computers"
        },
        {
          "choice": "iOS",
          "description": "iOS mobile"
        },
        {
          "choice": "android",
          "description": "android mobile"
        },
        {
          "choice": "nix",
          "description": "Linux distributions"
        }
      ],
      "defaultValue": "MacOS|iOS"
    }
  }
}